Id,Se_Ini,THETAs,THETAr,Ks,N,Hvg,Km,Sigma,Hkg,Err_Ks_BestG_Kg,Err_Ks_BestG_Vg,Err_Ks_BestGi_Kg,Err_Ks_BestGi_Vg,Err_Ks_Qe_Kg,Err_Ks_Qe_Vg,Err_Qe,Err_Sorpt_BestG_Kg,Err_Sorpt_BestG_Vg,Err_Sorpt_BestGi_Kg,Err_Sorpt_BestGi_Vg,Err_Sorpt_Qe_Kg,Err_Sorpt_Qe_Vg,Hkg_Qe,Hvg_BestG,Hvg_BestGi,Hvg_Qe,Hkg_BestG,Kr_THETAini_Vg,Ks_BestG_Kg,Ks_BestG_Vg,Ks_BestGi_Kg,Ks_BestGi_Vg,Ks_Qe_Kg,Ks_Qe_Vg,N_BestG,N_BestGi,N_Qe,NSE_Hydro_Inf_BestG_Kg,NSE_Hydro_Inf_BestG_Vg,NSE_Hydro_Inf_BestG_Vg,NSE_Hydro_Inf_BestGi_Kg,NSE_Hydro_Inf_BestGi_Vg,NSE_Hydro_Inf_Qe_Kg,NSE_Hydro_Inf_Qe_Vg,NSE_Inf_BestG_Vg,NSE_Inf_BestGi_Kg,NSE_Inf_BestGi_Kg,NSE_Inf_BestGi_Vg,NSE_Inf_Qe_Kg,NSE_Inf_Qe_Vg,NSE_BestGi_Kg,NSE_BestGi_Vg,NSE_BestG_Kg,NSE_BestG_Vg,NSE_Qe_Kg,NSE_Qe_Vg,Sorpt_BestG_Kg,Sorpt_BestGi_Kg,Sorpt_BestGi_Vg,Sorpt_Hydro_Kg,Sorpt_Hydro_Vg,Sorpt_Qe_Kg,Time_TransStead_BestG_Vg,Time_TransStead_Hydro_Kg,Time_TransStead_Hydro_Vg,Hkg_BestGi,NSE_Hydro_Inf_BestGi_Vg,NSE_Inf_BestG_Kg,Sorpt_BestG_Kg,Sigma_BestG,Sigma_BestGi,Sigma_Qe
4.0,0.0,0.32999999999999996,0.0,0.012,2.21,303.03,1.0,0.98489779,485.8352136,0.6417619192768205,0.2596902421912173,0.6417610830278458,0.2596405524789477,0.6416640339719087,0.641663903872078,0.041673652497154476,0.9930900958582316,0.9705629938956454,0.9930901444213777,0.9705597824686237,0.9991759525790862,0.9882998401184648,3390.452859592833,132.91284165313755,191.3228798955533,188.0948966785909,3444.3480859669703,0.0,0.016298856968678156,0.020883717093705394,0.01629886700366585,0.02088431337025263,0.016300031592337096,0.016300033153535065,2.7867098456562718,1.9609204370563462,2.5694479257884923,0.9990365645471759,0.999597889400907,0.999597889400907,0.9990365645471759,0.999597889400907,0.9992019529704711,0.9996969992033071,0.9996012891690448,0.9998799639335143,0.9998799639335143,0.9996012408331334,0.9997962256169132,0.9997962256206361,-1.8434751536501637,0.9444554561918385,-1.8442338639452722,0.4244723212352094,-1.811928169320128,0.7777566897847097,1.0226175018523203,1.0226174525315985,0.9965478268771706,1.0155998045564365,1.02677634585522,1.0147629021568112,0.0,6295.4282410587875,6434.7513696765,3443.3881559502506,0.999597889400907,0.9998799642418439,1.0226175018523203,1.8846968188493731,1.8846077519545168,1.8846077519545168
